content_tape_id,segment_no,tape_duration_sec,break_sec,promo_sec
11223.0,1.0,631.0,0.0,0
11223.0,2.0,614.0,350.00000000000006,0
11223.0,3.0,697.0,350.00000000000006,0
11223.0,4.0,684.0,420.0,0
11223.0,5.0,726.0,420.0,0
11223.0,6.0,691.0,0.0,0
11223.0,7.0,852.0,0.0,0
11223.0,8.0,892.0,224.0,0
11223.0,9.0,758.0,224.0,0
12521.0,1.0,527.96,392.0,0
12521.0,2.0,755.96,420.0,0
12521.0,3.0,787.96,420.0,0
12521.0,4.0,919.96,0.0,0
12521.0,5.0,907.96,0.0,0
12521.0,6.0,750.96,420.0,0
12521.0,7.0,783.96,420.0,0
12521.0,8.0,689.96,0.0,0
12521.0,9.0,527.96,0.0,0
12521.0,10.0,726.96,378.0,0
12521.0,11.0,632.96,0.0,0
12521.0,12.0,581.96,378.0,0
12521.0,13.0,708.96,0.0,0
3100.0,1.0,742.24,420.0,0
3100.0,2.0,838.08,420.0,0
3100.0,3.0,818.52,0.0,0
3100.0,4.0,846.64,420.0,0
3100.0,5.0,802.8,420.0,0
3100.0,6.0,877.4,0.0,0
3100.0,7.0,1182.84,0.0,0
3100.0,10.0,400.4,350.00000000000006,0
3100.0,8.0,998.48,84.0,0
3100.0,9.0,565.44,350.00000000000006,0
16555.0,1.0,931.0,0.0,0
16555.0,2.0,868.0,420.0,0
16555.0,3.0,725.0,420.0,0
16555.0,4.0,876.0,0.0,0
16555.0,5.0,639.0,0.0,0
16555.0,6.0,717.0,420.0,0
16555.0,7.0,695.0,0.0,0
16555.0,8.0,615.0,420.0,0
16555.0,9.0,535.0,398.99999999999994,0
16555.0,10.0,810.0,0.0,0
16555.0,11.0,500.0,398.99999999999994,0
16555.0,12.0,669.0,140.0,0
13393.0,1.0,1014.0,420.0,0
13393.0,2.0,803.0,420.0,0
13393.0,3.0,951.0,0.0,0
13393.0,4.0,969.0,0.0,0
13393.0,5.0,635.0,420.0,0
13393.0,6.0,690.0,420.0,0
13393.0,7.0,720.0,420.0,0
13393.0,8.0,774.0,0.0,0
13393.0,9.0,633.0,420.0,0
13393.0,10.0,603.0,0.0,0
13393.0,11.0,624.0,42.0,0
3609.0,1.0,747.96,420.0,0
3609.0,2.0,495.96,0.0,0
3609.0,3.0,651.96,420.0,0
3609.0,4.0,743.96,0.0,0
3609.0,5.0,629.96,0.0,0
3609.0,6.0,544.96,0.0,0
3609.0,7.0,772.96,420.0,0
3609.0,8.0,717.96,420.0,0
3609.0,9.0,650.96,0.0,0
3609.0,10.0,511.96,0.0,0
3609.0,11.0,627.96,336.00000000000006,0
3609.0,12.0,623.96,336.00000000000006,0
13367.0,1.0,923.0,0.0,0
13367.0,2.0,973.0,420.0,0
13367.0,3.0,836.0,420.0,0
13367.0,4.0,629.0,0.0,0
13367.0,5.0,842.0,420.0,0
13367.0,6.0,605.0,0.0,0
13367.0,7.0,717.0,168.0,0
13367.0,8.0,503.0,420.0,0
13367.0,9.0,662.0,210.0,0
13367.0,10.0,792.0,210.0,0
4935.0,1.0,992.16,448.0,0
4935.0,2.0,911.48,420.0,0
4935.0,3.0,1046.04,420.0,0
4935.0,4.0,1108.2,0.0,0
4935.0,5.0,1008.76,420.0,0
4935.0,6.0,1048.08,420.0,0
4935.0,7.0,995.2,0.0,0
4935.0,8.0,927.44,301.0,0
4935.0,9.0,916.04,301.0,0
6052.0,1.0,692.96,238.0,0
6052.0,2.0,764.96,420.0,0
6052.0,3.0,800.96,420.0,0
6052.0,4.0,750.96,0.0,0
6052.0,5.0,781.96,420.0,0
6052.0,6.0,666.96,420.0,0
6052.0,7.0,747.96,0.0,0
6052.0,8.0,733.96,0.0,0
6052.0,9.0,778.96,0.0,0
6052.0,10.0,649.96,301.0,0
6052.0,11.0,758.96,0.0,0
6052.0,12.0,177.96,301.0,0
7881.0,1.0,1191.96,420.0,0
7881.0,2.0,990.96,420.0,0
7881.0,3.0,1327.96,0.0,0
7881.0,4.0,690.96,420.0,0
7881.0,5.0,832.96,420.0,0
7881.0,6.0,853.96,0.0,0
7881.0,7.0,881.96,238.0,0
7881.0,8.0,826.96,420.0,0
7881.0,9.0,922.96,420.0,0
7881.0,10.0,910.96,161.0,0
7881.0,11.0,719.96,161.0,0
8476.0,1.0,896.96,518.0,0
8476.0,2.0,912.96,0.0,0
8476.0,3.0,707.96,420.0,0
8476.0,4.0,1072.96,420.0,0
8476.0,5.0,1008.96,0.0,0
8476.0,6.0,787.96,420.0,0
8476.0,7.0,934.96,0.0,0
8476.0,8.0,844.96,420.0,0
8476.0,9.0,957.96,0.0,0
8476.0,10.0,827.96,420.0,0
8476.0,11.0,750.96,420.0,0
8476.0,12.0,601.96,98.0,0
6119.0,1.0,858.56,371.0,0
6119.0,2.0,842.4,371.0,0
6119.0,3.0,944.36,420.0,0
6119.0,4.0,905.92,420.0,0
6119.0,5.0,899.56,0.0,0
6119.0,6.0,852.4,420.0,0
6119.0,7.0,898.52,0.0,0
6119.0,8.0,880.44,420.0,0
6119.0,9.0,852.52,0.0,0
10761.0,1.0,765.08,420.0,0
10761.0,2.0,713.44,420.0,0
10761.0,3.0,650.84,0.0,0
10761.0,4.0,821.0,420.0,0
10761.0,5.0,837.68,0.0,0
10761.0,6.0,694.48,0.0,0
10761.0,7.0,804.2,420.0,0
10761.0,8.0,651.8,0.0,0
10761.0,9.0,687.04,413.0,0
10761.0,10.0,894.88,0.0,0
10761.0,11.0,736.48,413.0,0
2305.0,1.0,939.68,0.0,0
2305.0,2.0,907.56,420.0,0
2305.0,3.0,917.52,420.0,0
2305.0,4.0,804.2,0.0,0
2305.0,5.0,871.96,420.0,0
2305.0,6.0,819.2,420.0,0
2305.0,7.0,910.52,0.0,0
2305.0,8.0,746.04,336.00000000000006,0
2305.0,9.0,873.96,336.00000000000006,0
12101.0,1.0,681.0,224.0,0
12101.0,2.0,761.0,420.0,0
12101.0,3.0,695.0,0.0,0
12101.0,4.0,817.0,420.0,0
12101.0,5.0,548.0,406.0,0
12101.0,6.0,648.0,0.0,0
12101.0,7.0,655.0,406.0,0
12101.0,8.0,611.0,0.0,0
12101.0,9.0,767.0,0.0,0
14610.0,1.0,699.96,420.0,0
14610.0,2.0,771.96,420.0,0
14610.0,3.0,851.96,0.0,0
14610.0,4.0,720.96,420.0,0
14610.0,5.0,678.96,420.0,0
14610.0,6.0,714.96,0.0,0
14610.0,7.0,921.96,0.0,0
14610.0,8.0,720.96,203.0,0
14610.0,9.0,856.96,203.0,0
1391.0,1.0,753.0,217.00000000000003,0
1391.0,2.0,613.0,217.00000000000003,0
1391.0,3.0,832.0,420.0,0
1391.0,4.0,720.0,0.0,0
1391.0,5.0,597.0,420.0,0
1391.0,6.0,696.0,0.0,0
1391.0,7.0,780.0,0.0,0
1391.0,8.0,820.0,420.0,0
1391.0,9.0,627.0,420.0,0
1391.0,10.0,795.0,84.00000000000001,0
6688.0,1.0,632.96,378.0,0
6688.0,2.0,755.96,0.0,0
6688.0,3.0,691.96,378.0,0
6688.0,4.0,697.96,0.0,0
6688.0,5.0,898.96,420.0,0
6688.0,6.0,954.96,420.0,0
6688.0,7.0,814.96,0.0,0
6688.0,8.0,802.96,0.0,0
6688.0,9.0,854.96,420.0,0
6688.0,10.0,570.96,420.0,0
6688.0,11.0,548.96,69.99999999999999,0
2625.0,1.0,929.0,0.0,0
2625.0,2.0,872.0,384.99999999999994,0
2625.0,11.0,661.0,384.99999999999994,0
2625.0,3.0,659.0,420.0,0
2625.0,4.0,612.0,420.0,0
2625.0,5.0,913.0,0.0,0
2625.0,6.0,616.0,0.0,0
2625.0,7.0,865.0,0.0,0
2625.0,8.0,688.0,420.0,0
2625.0,9.0,623.0,420.0,0
2625.0,10.0,632.0,0.0,0
6152.0,1.0,837.0,0.0,0
6152.0,2.0,920.0,0.0,0
6152.0,3.0,657.0,420.0,0
6152.0,4.0,651.0,420.0,0
6152.0,5.0,782.0,0.0,0
6152.0,6.0,725.0,420.0,0
6152.0,7.0,623.0,0.0,0
6152.0,8.0,736.0,420.0,0
6152.0,9.0,660.0,308.0,0
6152.0,10.0,567.0,308.0,0
6152.0,11.0,404.0,0.0,0
6152.0,12.0,795.0,238.0,0
2035.0,8.0,798.0,336.00000000000006,0
2035.0,9.0,785.0,420.0,0
2035.0,4.0,750.0,420.0,0
2035.0,5.0,755.0,0.0,0
2035.0,6.0,695.0,0.0,0
2035.0,7.0,725.0,420.0,0
2035.0,1.0,824.0,420.0,0
2035.0,2.0,730.0,0.0,0
2035.0,3.0,721.0,146.99999999999997,0
2035.0,10.0,830.0,146.99999999999997,0
8544.0,1.0,686.96,273.0,0
8544.0,2.0,703.96,273.0,0
8544.0,3.0,742.96,420.0,0
8544.0,4.0,717.96,420.0,0
8544.0,5.0,850.96,0.0,0
8544.0,6.0,781.96,0.0,0
8544.0,7.0,708.96,420.0,0
8544.0,8.0,906.96,420.0,0
8544.0,9.0,836.96,0.0,0
8544.0,10.0,654.96,413.0,0
8544.0,11.0,983.96,0.0,0
8544.0,12.0,540.96,413.0,0
8544.0,13.0,928.96,0.0,0
11820.0,1.0,1001.0,0.0,0
11820.0,2.0,859.0,420.0,0
11820.0,3.0,800.0,420.0,0
11820.0,4.0,684.0,0.0,0
11820.0,5.0,823.0,420.0,0
11820.0,6.0,600.0,420.0,0
11820.0,7.0,898.0,0.0,0
11820.0,8.0,743.0,0.0,0
11820.0,9.0,368.0,0.0,0
11820.0,10.0,418.0,357.0,0
11820.0,11.0,696.0,357.0,0
687.0,9.0,1008.0,0.0,0
687.0,10.0,555.0,420.0,0
687.0,1.0,747.0,0.0,0
687.0,2.0,599.0,420.0,0
687.0,3.0,606.0,0.0,0
687.0,4.0,679.0,0.0,0
687.0,5.0,633.0,420.0,0
687.0,6.0,607.0,420.0,0
687.0,7.0,915.0,126.0,0
687.0,8.0,848.0,308.0,0
687.0,11.0,759.0,308.0,0
10564.0,1.0,587.96,224.0,0
10564.0,2.0,630.96,420.0,0
10564.0,3.0,635.96,420.0,0
10564.0,4.0,551.96,0.0,0
10564.0,5.0,708.96,0.0,0
10564.0,6.0,765.96,420.0,0
10564.0,7.0,868.96,0.0,0
10564.0,8.0,625.96,420.0,0
10564.0,9.0,850.96,0.0,0
3325.0,1.0,708.96,420.0,0
3325.0,2.0,620.96,420.0,0
3325.0,3.0,716.96,0.0,0
3325.0,4.0,831.96,0.0,0
3325.0,5.0,666.96,420.0,0
3325.0,6.0,631.96,0.0,0
3325.0,7.0,653.96,0.0,0
3325.0,8.0,683.96,420.0,0
3325.0,9.0,564.96,0.0,0
3325.0,10.0,689.96,0.0,0
3325.0,11.0,635.96,398.99999999999994,0
3325.0,12.0,774.96,398.99999999999994,0
10902.0,1.0,1059.8,420.0,0
10902.0,2.0,969.08,420.0,0
10902.0,3.0,1143.72,420.0,0
10902.0,1.0,1012.12,420.0,0
10902.0,2.0,1050.64,42.0,0
10902.0,3.0,1035.6,196.0,0
10223.0,1.0,659.96,384.99999999999994,0
10223.0,2.0,746.96,0.0,0
10223.0,3.0,636.96,384.99999999999994,0
10223.0,4.0,676.96,0.0,0
10223.0,5.0,714.96,0.0,0
10223.0,6.0,622.96,420.0,0
10223.0,7.0,717.96,420.0,0
10223.0,8.0,726.96,133.0,0
10223.0,9.0,703.96,133.0,0
3664.0,1.0,666.76,0.0,0
3664.0,2.0,971.6,420.0,0
3664.0,3.0,724.64,420.0,0
3664.0,4.0,721.92,0.0,0
3664.0,5.0,821.28,420.0,0
3664.0,6.0,818.72,420.0,0
3664.0,7.0,706.48,0.0,0
3664.0,8.0,884.56,343.0,0
3664.0,9.0,755.76,0.0,0
3664.0,10.0,676.0,154.0,0
3664.0,11.0,557.0,343.0,0
2791.0,1.0,872.28,420.0,0
2791.0,2.0,940.84,420.0,0
2791.0,3.0,1017.84,0.0,0
2791.0,4.0,921.72,420.0,0
2791.0,5.0,950.32,420.0,0
2791.0,6.0,854.24,0.0,0
2791.0,7.0,913.64,154.0,0
2791.0,8.0,736.0,301.0,0
2791.0,9.0,794.08,301.0,0
11181.0,1.0,758.0,238.0,0
11181.0,2.0,688.0,420.0,0
11181.0,3.0,601.0,420.0,0
11181.0,4.0,790.0,0.0,0
11181.0,5.0,624.0,0.0,0
11181.0,6.0,667.0,0.0,0
11181.0,7.0,602.0,420.0,0
11181.0,8.0,631.0,420.0,0
11181.0,9.0,806.0,0.0,0
11181.0,10.0,772.0,182.0,0
11181.0,11.0,553.0,182.0,0
6331.0,1.0,721.96,238.0,0
6331.0,2.0,617.96,238.0,0
6331.0,3.0,779.96,0.0,0
6331.0,4.0,849.96,420.0,0
6331.0,5.0,898.96,420.0,0
6331.0,6.0,1071.96,420.0,0
6331.0,7.0,891.96,420.0,0
6331.0,8.0,1337.96,0.0,0
6331.0,9.0,905.96,420.0,0
6331.0,10.0,931.96,420.0,0
6331.0,11.0,917.96,0.0,0
6331.0,12.0,620.96,210.0,0
1930.0,1.0,678.0,315.0,0
1930.0,2.0,844.0,315.0,0
1930.0,3.0,699.0,420.0,0
1930.0,4.0,853.0,420.0,0
1930.0,5.0,889.0,0.0,0
1930.0,6.0,583.0,0.0,0
1930.0,7.0,682.0,420.0,0
1930.0,8.0,668.0,420.0,0
1930.0,9.0,996.0,0.0,0
1930.0,10.0,677.0,0.0,0
4162.0,1.0,742.0,420.0,0
4162.0,2.0,709.0,0.0,0
4162.0,3.0,713.0,420.0,0
4162.0,4.0,867.0,0.0,0
4162.0,5.0,636.0,420.0,0
4162.0,6.0,662.0,0.0,0
4162.0,7.0,793.0,420.0,0
4162.0,8.0,806.0,0.0,0
4162.0,9.0,970.0,420.0,0
4162.0,10.0,838.0,420.0,0
4162.0,11.0,805.0,69.99999999999999,0
1833.0,6.0,733.96,301.0,0
1833.0,7.0,683.96,301.0,0
1833.0,8.0,629.96,420.0,0
1833.0,9.0,657.96,420.0,0
1833.0,11.0,670.96,0.0,0
1833.0,1.0,684.96,0.0,0
1833.0,2.0,780.96,420.0,0
1833.0,3.0,742.96,0.0,0
1833.0,4.0,778.96,420.0,0
1833.0,5.0,608.96,0.0,0
1833.0,10.0,514.96,0.0,0
12646.0,1.0,924.0,420.0,0
12646.0,2.0,792.0,0.0,0
12646.0,3.0,756.0,420.0,0
12646.0,4.0,773.0,0.0,0
12646.0,5.0,912.0,420.0,0
12646.0,6.0,762.0,420.0,0
12646.0,7.0,589.0,0.0,0
12646.0,8.0,544.0,343.0,0
12646.0,9.0,722.0,0.0,0
12646.0,10.0,706.0,0.0,0
12646.0,11.0,306.0,343.0,0
15913.0,1.0,1016.0,420.0,0
15913.0,2.0,1131.0,0.0,0
15913.0,3.0,828.0,420.0,0
15913.0,4.0,1327.0,0.0,0
15913.0,5.0,729.0,420.0,0
15913.0,6.0,432.0,420.0,0
15913.0,11.0,811.0,0.0,0
15913.0,7.0,399.0,406.0,0
15913.0,8.0,773.0,0.0,0
15913.0,9.0,773.0,154.0,0
15913.0,10.0,467.0,406.0,0
8885.0,1.0,664.96,420.0,0
8885.0,2.0,740.96,0.0,0
8885.0,3.0,798.96,420.0,0
8885.0,4.0,746.96,0.0,0
8885.0,5.0,623.96,0.0,0
8885.0,6.0,774.96,420.0,0
8885.0,7.0,712.96,420.0,0
8885.0,8.0,756.96,0.0,0
8885.0,9.0,801.96,0.0,0
8885.0,10.0,640.96,420.0,0
8885.0,11.0,766.96,420.0,0
8885.0,12.0,794.96,139.99999999999997,0
13342.0,1.0,883.0,0.0,0
13342.0,2.0,716.0,420.0,0
13342.0,3.0,699.0,420.0,0
13342.0,4.0,771.0,420.0,0
13342.0,5.0,552.0,0.0,0
13342.0,6.0,512.0,0.0,0
13342.0,7.0,606.0,420.0,0
13342.0,8.0,682.0,0.0,0
13342.0,9.0,790.0,161.0,0
13342.0,10.0,382.0,161.0,0
13374.0,1.0,849.0,259.0,0
13374.0,2.0,782.0,259.0,0
13374.0,3.0,832.0,0.0,0
13374.0,4.0,618.0,0.0,0
13374.0,5.0,601.0,420.0,0
13374.0,6.0,547.0,420.0,0
13374.0,7.0,696.0,168.00000000000003,0
13374.0,8.0,657.0,168.00000000000003,0
7658.0,1.0,837.2,371.0,0
7658.0,2.0,810.36,371.0,0
7658.0,3.0,826.2,0.0,0
7658.0,4.0,771.32,0.0,0
7658.0,5.0,742.0,420.0,0
7658.0,6.0,801.92,420.0,0
7658.0,1.0,772.32,0.0,0
7658.0,2.0,883.2,392.0,0
7658.0,3.0,729.08,392.0,0
7658.0,4.0,597.56,0.0,0
10912.0,1.0,622.0,364.0,0
10912.0,2.0,688.0,0.0,0
10912.0,3.0,763.0,364.0,0
10912.0,4.0,701.0,420.0,0
10912.0,5.0,941.0,420.0,0
10912.0,6.0,612.0,0.0,0
10912.0,7.0,575.0,0.0,0
10912.0,8.0,601.0,112.0,0
16546.0,1.0,680.68,364.0,0
16546.0,2.0,634.72,364.0,0
16546.0,3.0,710.68,0.0,0
16546.0,4.0,670.04,420.0,0
16546.0,5.0,685.48,420.0,0
16546.0,6.0,709.24,0.0,0
16546.0,7.0,711.32,0.0,0
16546.0,8.0,677.96,420.0,0
16546.0,9.0,682.96,0.0,0
16546.0,10.0,868.84,0.0,0
16546.0,11.0,570.92,420.0,0
16546.0,12.0,795.76,139.99999999999997,0
8558.0,7.0,906.84,350.00000000000006,0
8558.0,5.0,885.96,350.00000000000006,0
8558.0,6.0,790.08,0.0,0
8558.0,1.0,938.92,420.0,0
8558.0,2.0,887.36,420.0,0
8558.0,3.0,928.0,329.0,0
8558.0,4.0,986.64,329.0,0
8558.0,8.0,900.04,0.0,0
15907.0,10.0,737.0,0.0,0
15907.0,11.0,626.0,420.0,0
15907.0,2.0,907.0,0.0,0
15907.0,3.0,849.0,420.0,0
15907.0,4.0,870.0,0.0,0
15907.0,5.0,733.0,420.0,0
15907.0,6.0,786.0,420.0,0
15907.0,7.0,795.0,0.0,0
15907.0,8.0,566.0,322.0,0
15907.0,9.0,486.0,322.0,0
15907.0,1.0,905.0,182.0,0
7405.0,2.0,688.96,0.0,0
7405.0,3.0,737.96,0.0,0
7405.0,4.0,656.96,420.0,0
7405.0,5.0,762.96,420.0,0
7405.0,6.0,757.96,0.0,0
7405.0,7.0,643.96,420.0,0
7405.0,8.0,654.96,420.0,0
7405.0,9.0,719.96,0.0,0
7405.0,1.0,813.96,420.0,0
7405.0,10.0,780.96,420.0,0
7405.0,11.0,859.96,0.0,0
7405.0,12.0,784.96,196.0,0
1209.0,1.0,803.0,420.0,0
1209.0,2.0,665.0,420.0,0
1209.0,3.0,726.0,0.0,0
1209.0,4.0,680.0,420.0,0
1209.0,5.0,923.0,0.0,0
1209.0,6.0,614.0,420.0,0
1209.0,7.0,599.0,0.0,0
1209.0,8.0,735.0,0.0,0
1209.0,9.0,631.0,0.0,0
1209.0,10.0,609.0,420.0,0
1209.0,11.0,827.0,420.0,0
1209.0,12.0,813.0,98.0,0
16590.0,1.0,483.0,350.00000000000006,0
16590.0,2.0,861.0,0.0,0
16590.0,3.0,688.0,350.00000000000006,0
16590.0,4.0,913.0,0.0,0
16590.0,5.0,754.0,0.0,0
16590.0,6.0,609.0,420.0,0
16590.0,7.0,654.0,420.0,0
16590.0,8.0,855.0,252.0,0
16590.0,9.0,891.0,252.0,0
16581.0,1.0,904.0,420.0,0
16581.0,2.0,858.0,420.0,0
16581.0,3.0,905.0,0.0,0
16581.0,4.0,866.0,0.0,0
16581.0,5.0,803.0,420.0,0
16581.0,6.0,956.0,420.0,0
16581.0,7.0,727.0,266.0,0
16581.0,8.0,730.0,154.0,0
16581.0,9.0,663.0,154.0,0
11719.0,1.0,699.96,266.0,0
11719.0,2.0,682.96,266.0,0
11719.0,3.0,662.96,420.0,0
11719.0,4.0,758.96,420.0,0
11719.0,5.0,733.96,0.0,0
11719.0,6.0,688.96,0.0,0
11719.0,7.0,653.96,0.0,0
11719.0,8.0,684.96,364.0,0
11719.0,9.0,769.96,364.0,0
11719.0,10.0,565.96,0.0,0
12111.0,1.0,888.0,420.0,0
12111.0,2.0,963.0,420.0,0
12111.0,3.0,958.0,0.0,0
12111.0,4.0,912.0,0.0,0
12111.0,5.0,948.0,0.0,0
12111.0,6.0,835.0,420.0,0
12111.0,7.0,379.0,420.0,0
12111.0,8.0,482.0,406.0,0
12111.0,9.0,462.0,0.0,0
12111.0,10.0,689.0,0.0,0
12111.0,11.0,524.0,112.0,0
12111.0,12.0,514.0,406.0,0
9140.0,5.0,671.8,420.0,0
9140.0,6.0,653.32,420.0,0
9140.0,1.0,968.84,0.0,0
9140.0,2.0,1012.04,0.0,0
9140.0,3.0,1049.88,420.0,0
9140.0,4.0,926.72,420.0,0
9140.0,5.0,796.36,0.0,0
9140.0,1.0,612.08,420.0,0
9140.0,2.0,639.48,0.0,0
9140.0,3.0,754.36,420.0,0
9140.0,4.0,680.6,0.0,0
9140.0,7.0,379.04,238.0,0
1142.0,1.0,736.0,301.0,0
1142.0,2.0,790.0,301.0,0
1142.0,3.0,716.0,420.0,0
1142.0,4.0,638.0,420.0,0
1142.0,5.0,655.0,0.0,0
1142.0,6.0,650.0,0.0,0
1142.0,7.0,664.0,420.0,0
1142.0,8.0,625.0,420.0,0
1142.0,9.0,638.0,0.0,0
1142.0,10.0,801.0,0.0,0
1142.0,11.0,561.0,0.0,0
996.0,1.0,867.0,420.0,0
996.0,2.0,811.0,0.0,0
996.0,3.0,932.0,420.0,0
996.0,4.0,893.0,420.0,0
996.0,5.0,1041.0,420.0,0
996.0,6.0,597.0,0.0,0
996.0,7.0,814.0,0.0,0
996.0,8.0,682.0,0.0,0
996.0,9.0,592.0,0.0,0
996.0,10.0,426.0,420.0,0
996.0,11.0,461.0,420.0,0
996.0,12.0,640.0,139.99999999999997,0
11203.0,1.0,889.0,420.0,0
11203.0,2.0,642.0,0.0,0
11203.0,3.0,813.0,420.0,0
11203.0,4.0,795.0,0.0,0
11203.0,5.0,600.0,0.0,0
11203.0,6.0,536.0,420.0,0
11203.0,7.0,543.0,0.0,0
11203.0,8.0,438.0,420.0,0
11203.0,9.0,891.0,273.0,0
11203.0,10.0,516.0,273.0,0
11203.0,11.0,652.0,0.0,0
10157.0,1.0,780.92,420.0,0
10157.0,2.0,834.48,0.0,0
10157.0,3.0,806.72,420.0,0
10157.0,4.0,736.28,420.0,0
10157.0,5.0,819.56,420.0,0
10157.0,6.0,654.2,0.0,0
10157.0,7.0,843.48,0.0,0
10157.0,8.0,818.24,420.0,0
10157.0,9.0,701.24,420.0,0
10157.0,10.0,788.4,0.0,0
10157.0,11.0,572.8,182.0,0
10157.0,12.0,559.16,0.0,0
11932.0,1.0,930.0,0.0,0
11932.0,2.0,867.0,420.0,0
11932.0,3.0,834.0,420.0,0
11932.0,4.0,980.0,0.0,0
11932.0,5.0,1011.0,420.0,0
11932.0,6.0,784.0,420.0,0
11932.0,7.0,985.0,0.0,0
11932.0,8.0,712.0,420.0,0
11932.0,9.0,574.0,42.0,0
11932.0,10.0,585.0,420.0,0
11932.0,11.0,995.0,252.0,0
12950.0,9.0,674.0,293.99999999999994,0
12950.0,10.0,795.0,293.99999999999994,0
12950.0,1.0,1015.0,0.0,0
12950.0,2.0,966.0,420.0,0
12950.0,3.0,722.0,420.0,0
12950.0,4.0,880.0,0.0,0
12950.0,11.0,600.0,420.0,0
12950.0,5.0,844.0,420.0,0
12950.0,6.0,630.0,0.0,0
12950.0,7.0,745.0,175.00000000000003,0
12950.0,8.0,778.0,175.00000000000003,0
1192.0,10.0,644.96,245.00000000000003,0
1192.0,1.0,602.96,245.00000000000003,0
1192.0,2.0,690.96,420.0,0
1192.0,3.0,812.96,0.0,0
1192.0,4.0,681.96,420.0,0
1192.0,5.0,737.96,0.0,0
1192.0,6.0,714.96,420.0,0
1192.0,9.0,794.96,0.0,0
1192.0,7.0,646.96,420.0,0
1192.0,8.0,758.96,0.0,0
3634.0,1.0,760.96,420.0,0
3634.0,2.0,723.96,0.0,0
3634.0,3.0,705.96,420.0,0
3634.0,4.0,645.96,420.0,0
3634.0,5.0,640.96,0.0,0
3634.0,6.0,753.96,0.0,0
3634.0,7.0,777.96,420.0,0
3634.0,8.0,675.96,420.0,0
3634.0,9.0,607.96,0.0,0
3634.0,10.0,656.96,0.0,0
3634.0,11.0,666.96,420.0,0
3634.0,12.0,688.96,0.0,0
11909.0,1.0,890.0,0.0,0
11909.0,2.0,952.0,413.0,0
11909.0,3.0,789.0,413.0,0
11909.0,4.0,793.0,420.0,0
11909.0,5.0,903.0,420.0,0
11909.0,6.0,625.0,0.0,0
11909.0,7.0,613.0,371.0,0
11909.0,8.0,462.0,371.0,0
11909.0,9.0,585.0,0.0,0
11909.0,10.0,657.0,0.0,0
11909.0,11.0,648.0,0.0,0
12821.0,1.0,863.0,420.0,0
12821.0,2.0,593.0,420.0,0
12821.0,3.0,628.0,0.0,0
12821.0,4.0,756.0,0.0,0
12821.0,5.0,802.0,0.0,0
12821.0,6.0,621.0,420.0,0
12821.0,7.0,546.0,420.0,0
12821.0,8.0,690.0,0.0,0
12821.0,9.0,627.0,378.0,0
12821.0,10.0,703.0,0.0,0
12821.0,11.0,770.0,378.0,0
12821.0,12.0,733.0,98.0,0
1570.0,1.0,729.0,420.0,0
1570.0,2.0,954.0,0.0,0
1570.0,3.0,785.0,420.0,0
1570.0,4.0,1109.0,420.0,0
1570.0,5.0,918.0,420.0,0
1570.0,6.0,840.0,0.0,0
1570.0,7.0,706.0,420.0,0
1570.0,8.0,640.0,0.0,0
1570.0,9.0,738.0,84.0,0
1570.0,10.0,794.0,420.0,0
1570.0,11.0,941.0,182.0,0
11947.0,1.0,808.96,329.0,0
11947.0,2.0,661.96,329.0,0
11947.0,3.0,656.96,0.0,0
11947.0,4.0,715.96,0.0,0
11947.0,5.0,633.96,420.0,0
11947.0,6.0,684.96,0.0,0
11947.0,7.0,633.96,420.0,0
11947.0,8.0,703.96,0.0,0
11947.0,9.0,569.96,378.0,0
11947.0,10.0,653.96,0.0,0
11947.0,11.0,647.96,378.0,0
8824.0,1.0,770.96,420.0,0
8824.0,2.0,703.96,0.0,0
8824.0,3.0,756.96,0.0,0
8824.0,4.0,861.96,420.0,0
8824.0,5.0,582.96,420.0,0
8824.0,6.0,709.96,420.0,0
8824.0,7.0,661.96,0.0,0
8824.0,8.0,686.96,0.0,0
8824.0,9.0,932.96,0.0,0
8824.0,10.0,880.96,84.0,0
8824.0,11.0,816.96,420.0,0
8824.0,12.0,187.96,420.0,0
7216.0,1.0,612.0,224.0,0
7216.0,2.0,609.0,0.0,0
7216.0,3.0,750.0,420.0,0
7216.0,4.0,805.0,420.0,0
7216.0,5.0,765.0,0.0,0
7216.0,6.0,670.0,0.0,0
7216.0,7.0,714.0,420.0,0
7216.0,8.0,711.0,420.0,0
7216.0,9.0,812.0,0.0,0
7216.0,10.0,707.0,343.0,0
7216.0,11.0,591.0,343.0,0
7216.0,12.0,770.0,0.0,0
3780.0,8.0,672.0,0.0,0
3780.0,9.0,585.0,301.0,0
3780.0,10.0,519.0,301.0,0
3780.0,11.0,744.0,420.0,0
3780.0,12.0,454.0,420.0,0
3780.0,1.0,918.0,0.0,0
3780.0,2.0,928.0,420.0,0
3780.0,3.0,831.0,0.0,0
3780.0,4.0,906.0,0.0,0
3780.0,5.0,532.0,420.0,0
3780.0,6.0,590.0,133.0,0
3780.0,7.0,689.0,133.0,0
2390.0,1.0,871.0,574.0,0
2390.0,2.0,1195.64,0.0,0
2390.0,3.0,1027.84,420.0,0
2390.0,4.0,933.48,420.0,0
2390.0,5.0,1078.8,420.0,0
2390.0,6.0,963.64,420.0,0
2390.0,7.0,922.92,0.0,0
2390.0,8.0,883.8,139.99999999999997,0
4289.0,2.0,850.64,350.00000000000006,0
4289.0,3.0,898.0,350.00000000000006,0
4289.0,4.0,916.48,0.0,0
4289.0,5.0,1018.2,420.0,0
4289.0,6.0,804.32,420.0,0
4289.0,1.0,925.84,0.0,0
4289.0,2.0,813.04,0.0,0
4289.0,1.0,895.12,392.0,0
4289.0,3.0,474.08,392.0,0
11436.0,1.0,700.0,0.0,0
11436.0,2.0,595.0,420.0,0
11436.0,3.0,673.0,0.0,0
11436.0,4.0,600.0,420.0,0
11436.0,5.0,592.0,0.0,0
11436.0,6.0,603.0,420.0,0
11436.0,7.0,803.0,0.0,0
11436.0,8.0,609.0,420.0,0
11436.0,9.0,621.0,56.0,0
11436.0,10.0,573.0,168.00000000000003,0
11436.0,11.0,465.0,168.00000000000003,0
12352.0,1.0,854.08,0.0,0
12352.0,2.0,868.0,0.0,0
12352.0,3.0,816.36,420.0,0
12352.0,4.0,775.76,420.0,0
12352.0,5.0,757.24,420.0,0
12352.0,6.0,908.64,0.0,0
12352.0,1.0,833.6,420.0,0
12352.0,2.0,750.36,398.99999999999994,0
12352.0,3.0,793.56,0.0,0
12352.0,4.0,779.88,224.0,0
12352.0,5.0,741.68,398.99999999999994,0
3896.0,1.0,970.16,413.0,0
3896.0,2.0,775.0,0.0,0
3896.0,3.0,843.76,413.0,0
3896.0,4.0,849.48,420.0,0
3896.0,5.0,820.4,420.0,0
3896.0,6.0,835.64,0.0,0
3896.0,7.0,852.88,420.0,0
3896.0,8.0,738.44,0.0,0
3896.0,9.0,904.88,420.0,0
3896.0,10.0,837.48,56.0,0
14625.0,1.0,882.0,392.0,0
14625.0,2.0,955.0,392.0,0
14625.0,3.0,892.0,420.0,0
14625.0,4.0,836.0,420.0,0
14625.0,5.0,810.0,0.0,0
14625.0,6.0,798.0,0.0,0
14625.0,7.0,689.0,293.99999999999994,0
14625.0,8.0,747.0,0.0,0
14625.0,9.0,655.0,293.99999999999994,0
3629.0,1.0,964.0,420.0,0
3629.0,2.0,1113.0,0.0,0
3629.0,3.0,775.0,0.0,0
3629.0,4.0,760.0,420.0,0
3629.0,5.0,732.0,420.0,0
3629.0,6.0,742.0,420.0,0
3629.0,7.0,705.0,0.0,0
3629.0,8.0,754.0,252.0,0
3629.0,9.0,562.0,210.0,0
3629.0,10.0,654.0,210.0,0
13355.0,10.0,477.0,210.0,0
13355.0,8.0,572.0,210.0,0
13355.0,9.0,545.0,0.0,0
13355.0,2.0,710.0,0.0,0
13355.0,3.0,569.0,420.0,0
13355.0,1.0,883.0,420.0,0
13355.0,4.0,619.0,343.0,0
13355.0,5.0,675.0,0.0,0
13355.0,6.0,696.0,0.0,0
13355.0,7.0,597.0,343.0,0
7095.0,1.0,1021.0,0.0,0
7095.0,2.0,906.0,420.0,0
7095.0,3.0,820.0,420.0,0
7095.0,4.0,923.0,0.0,0
7095.0,5.0,774.0,420.0,0
7095.0,6.0,663.0,0.0,0
7095.0,7.0,728.0,420.0,0
7095.0,8.0,615.0,420.0,0
7095.0,9.0,706.0,0.0,0
7095.0,10.0,654.0,0.0,0
7095.0,11.0,546.0,154.0,0
7095.0,12.0,422.0,420.0,0
4488.0,1.0,806.0,420.0,0
4488.0,2.0,762.0,0.0,0
4488.0,3.0,668.0,420.0,0
4488.0,4.0,600.0,420.0,0
4488.0,5.0,773.0,0.0,0
4488.0,6.0,700.0,420.0,0
4488.0,7.0,696.0,0.0,0
4488.0,8.0,776.0,0.0,0
4488.0,9.0,600.0,0.0,0
4488.0,10.0,625.0,0.0,0
4488.0,11.0,586.0,406.0,0
4488.0,12.0,621.0,406.0,0
11136.0,1.0,687.68,0.0,0
11136.0,2.0,693.72,0.0,0
11136.0,3.0,640.8,420.0,0
11136.0,4.0,594.4,420.0,0
11136.0,5.0,602.92,420.0,0
11136.0,6.0,603.96,420.0,0
11136.0,7.0,659.84,0.0,0
11136.0,8.0,708.6,0.0,0
11136.0,9.0,655.0,406.0,0
11136.0,10.0,763.44,0.0,0
11136.0,11.0,774.04,406.0,0
11136.0,12.0,915.0,0.0,0
3460.0,3.0,748.88,245.00000000000003,0
3460.0,4.0,542.76,245.00000000000003,0
3460.0,5.0,615.0,420.0,0
3460.0,6.0,674.68,420.0,0
3460.0,7.0,605.8,0.0,0
3460.0,8.0,676.28,0.0,0
3460.0,9.0,646.48,420.0,0
3460.0,10.0,931.28,0.0,0
3460.0,12.0,755.32,420.0,0
3460.0,1.0,636.44,0.0,0
3460.0,2.0,641.96,161.0,0
3460.0,11.0,700.24,161.0,0
1497.0,1.0,733.0,259.0,0
1497.0,2.0,610.0,259.0,0
1497.0,3.0,846.0,0.0,0
1497.0,4.0,693.0,420.0,0
1497.0,5.0,617.0,420.0,0
1497.0,6.0,852.0,0.0,0
1497.0,7.0,728.0,420.0,0
1497.0,8.0,898.0,0.0,0
1497.0,9.0,654.0,420.0,0
1497.0,10.0,601.0,0.0,0
12670.0,1.0,1690.0,0.0,0
12670.0,2.0,1107.0,0.0,0
12670.0,3.0,778.0,0.0,0
12670.0,4.0,693.0,420.0,0
12670.0,5.0,474.0,420.0,0
12670.0,6.0,680.0,0.0,0
12670.0,7.0,573.0,0.0,0
12670.0,8.0,580.0,266.0,0
12670.0,9.0,658.0,266.0,0
8447.0,1.0,658.2,308.0,0
8447.0,2.0,658.48,0.0,0
8447.0,3.0,676.56,0.0,0
8447.0,4.0,798.96,420.0,0
8447.0,5.0,733.36,420.0,0
8447.0,6.0,627.76,0.0,0
8447.0,7.0,697.72,0.0,0
8447.0,8.0,653.04,420.0,0
8447.0,9.0,730.76,420.0,0
8447.0,10.0,674.28,420.0,0
8447.0,11.0,843.0,0.0,0
8447.0,12.0,779.88,0.0,0
8447.0,13.0,617.6,420.0,0
8447.0,14.0,764.32,196.0,0
2029.0,1.0,626.28,0.0,0
2029.0,2.0,712.48,322.0,0
2029.0,3.0,563.52,322.0,0
2029.0,4.0,681.32,420.0,0
2029.0,5.0,707.8,420.0,0
2029.0,6.0,647.76,0.0,0
2029.0,7.0,636.08,0.0,0
2029.0,8.0,702.88,420.0,0
2029.0,9.0,889.76,0.0,0
2029.0,10.0,702.6,420.0,0
2029.0,11.0,765.24,0.0,0
3518.0,1.0,733.96,420.0,0
3518.0,2.0,816.96,0.0,0
3518.0,3.0,667.96,420.0,0
3518.0,4.0,754.96,420.0,0
3518.0,5.0,634.96,0.0,0
3518.0,6.0,775.96,0.0,0
3518.0,7.0,670.96,420.0,0
3518.0,8.0,805.96,0.0,0
3518.0,9.0,618.96,259.0,0
3518.0,10.0,776.96,259.0,0
10964.0,1.0,626.96,322.0,0
10964.0,2.0,670.96,0.0,0
10964.0,3.0,749.96,420.0,0
10964.0,4.0,655.96,420.0,0
10964.0,5.0,953.96,0.0,0
10964.0,6.0,754.96,0.0,0
10964.0,7.0,796.96,420.0,0
10964.0,8.0,746.96,420.0,0
10964.0,9.0,771.96,42.00000000000001,0
1833.0,10.0,514.96,398.99999999999994,0
1833.0,1.0,684.96,0.0,0
1833.0,5.0,608.96,398.99999999999994,0
1833.0,4.0,778.96,420.0,0
1833.0,3.0,742.96,420.0,0
1833.0,2.0,780.96,0.0,0
1833.0,11.0,670.96,0.0,0
1833.0,9.0,657.96,322.0,0
1833.0,8.0,629.96,322.0,0
1833.0,7.0,683.96,0.0,0
1833.0,6.0,733.96,0.0,0
3954.0,1.0,1207.0,420.0,0
3954.0,2.0,750.0,0.0,0
3954.0,3.0,806.0,0.0,0
3954.0,4.0,622.0,420.0,0
3954.0,5.0,817.0,420.0,0
3954.0,6.0,801.0,420.0,0
3954.0,7.0,642.0,0.0,0
3954.0,8.0,665.0,0.0,0
3954.0,9.0,589.0,413.0,0
3954.0,10.0,658.0,0.0,0
3954.0,11.0,728.0,413.0,0
3954.0,12.0,610.0,196.0,0
6165.0,1.0,960.0,0.0,0
6165.0,2.0,564.0,420.0,0
6165.0,3.0,732.0,420.0,0
6165.0,4.0,754.0,420.0,0
6165.0,5.0,631.0,420.0,0
6165.0,6.0,735.0,0.0,0
6165.0,7.0,933.0,0.0,0
6165.0,8.0,953.0,371.0,0
6165.0,9.0,805.0,371.0,0
6165.0,10.0,890.0,0.0,0
6718.0,1.0,704.08,420.0,0
6718.0,2.0,712.36,420.0,0
6718.0,3.0,761.68,0.0,0
6718.0,4.0,679.2,0.0,0
6718.0,5.0,762.0,0.0,0
6718.0,6.0,747.68,0.0,0
6718.0,7.0,664.76,420.0,0
6718.0,8.0,630.24,420.0,0
6718.0,9.0,715.96,0.0,0
6718.0,10.0,589.56,364.0,0
6718.0,11.0,658.52,98.0,0
6718.0,12.0,606.68,364.0,0
13224.0,1.0,768.2,0.0,0
13224.0,2.0,756.12,0.0,0
13224.0,3.0,609.96,420.0,0
13224.0,4.0,621.64,420.0,0
13224.0,5.0,685.2,0.0,0
13224.0,6.0,630.68,420.0,0
13224.0,7.0,780.28,0.0,0
13224.0,8.0,701.88,420.0,0
13224.0,9.0,629.88,420.0,0
13224.0,10.0,661.16,0.0,0
13224.0,11.0,597.16,0.0,0
13224.0,12.0,721.4,112.0,0
13224.0,13.0,485.04,420.0,0
3700.0,1.0,882.0,420.0,0
3700.0,2.0,839.96,0.0,0
3700.0,3.0,796.96,420.0,0
3700.0,4.0,834.96,420.0,0
3700.0,5.0,709.96,420.0,0
3700.0,6.0,759.96,0.0,0
3700.0,7.0,761.96,0.0,0
3700.0,8.0,780.96,364.0,0
3700.0,9.0,896.96,0.0,0
3700.0,10.0,685.96,364.0,0
12071.0,1.0,823.04,398.99999999999994,0
12071.0,2.0,995.0,398.99999999999994,0
12071.0,3.0,819.12,420.0,0
12071.0,4.0,870.6,0.0,0
12071.0,5.0,887.16,0.0,0
12071.0,6.0,855.8,420.0,0
12071.0,7.0,905.56,0.0,0
12071.0,8.0,796.68,420.0,0
12071.0,9.0,869.8,420.0,0
12071.0,10.0,829.04,139.99999999999997,0
12615.0,1.0,902.0,350.00000000000006,0
12615.0,2.0,968.0,350.00000000000006,0
12615.0,3.0,753.0,0.0,0
12615.0,4.0,777.0,420.0,0
12615.0,5.0,755.0,420.0,0
12615.0,6.0,695.0,0.0,0
12615.0,7.0,685.0,0.0,0
12615.0,8.0,821.0,0.0,0
12615.0,9.0,659.0,378.0,0
12615.0,10.0,506.0,378.0,0
7287.0,1.0,826.96,0.0,0
7287.0,2.0,677.96,0.0,0
7287.0,3.0,631.96,420.0,0
7287.0,4.0,644.96,420.0,0
7287.0,5.0,807.96,420.0,0
7287.0,6.0,921.96,0.0,0
7287.0,7.0,792.96,420.0,0
7287.0,8.0,673.96,420.0,0
7287.0,9.0,812.96,0.0,0
7287.0,10.0,546.96,420.0,0
7287.0,11.0,648.96,0.0,0
7287.0,12.0,567.96,84.0,0
12589.0,1.0,886.0,420.0,0
12589.0,2.0,785.0,0.0,0
12589.0,3.0,903.0,420.0,0
12589.0,4.0,755.0,0.0,0
12589.0,5.0,713.0,0.0,0
12589.0,6.0,684.0,420.0,0
12589.0,7.0,669.0,420.0,0
12589.0,8.0,872.0,0.0,0
12589.0,9.0,600.0,0.0,0
12589.0,10.0,669.0,398.99999999999994,0
12589.0,11.0,620.0,398.99999999999994,0
5572.0,1.0,613.0,0.0,0
5572.0,2.0,788.0,420.0,0
5572.0,3.0,729.0,420.0,0
5572.0,4.0,807.0,420.0,0
5572.0,5.0,877.0,420.0,0
5572.0,6.0,789.0,0.0,0
5572.0,7.0,667.0,0.0,0
5572.0,8.0,702.0,420.0,0
5572.0,9.0,670.0,0.0,0
5572.0,10.0,622.0,42.0,0
5572.0,11.0,696.0,420.0,0
5572.0,12.0,662.0,139.99999999999997,0
5572.0,13.0,743.0,139.99999999999997,0
2014.0,1.0,731.96,420.0,0
2014.0,2.0,608.96,420.0,0
2014.0,3.0,658.96,0.0,0
2014.0,4.0,655.96,0.0,0
2014.0,5.0,803.96,0.0,0
2014.0,6.0,850.96,420.0,0
2014.0,7.0,728.96,420.0,0
2014.0,8.0,768.96,0.0,0
2014.0,9.0,623.96,231.00000000000003,0
2014.0,10.0,653.96,182.0,0
2014.0,11.0,559.96,231.00000000000003,0
3259.0,1.0,747.72,378.0,0
3259.0,2.0,887.04,420.0,0
3259.0,3.0,671.52,0.0,0
3259.0,4.0,706.84,420.0,0
3259.0,5.0,649.88,0.0,0
3259.0,6.0,688.8,420.0,0
3259.0,7.0,798.24,0.0,0
3259.0,8.0,638.2,420.0,0
3259.0,9.0,695.44,0.0,0
3259.0,10.0,823.16,210.0,0
3259.0,11.0,863.88,210.0,0
12974.0,1.0,944.0,420.0,0
12974.0,2.0,843.0,420.0,0
12974.0,3.0,942.0,0.0,0
12974.0,4.0,892.0,420.0,0
12974.0,5.0,1025.0,0.0,0
12974.0,6.0,725.0,420.0,0
12974.0,7.0,858.0,420.0,0
12974.0,8.0,788.0,0.0,0
12974.0,9.0,613.0,0.0,0
12974.0,10.0,932.0,420.0,0
12974.0,11.0,602.0,420.0,0
12974.0,12.0,695.0,69.99999999999999,0
16555.0,11.0,500.0,0.0,0
16555.0,10.0,810.0,0.0,0
16555.0,9.0,535.0,384.99999999999994,0
16555.0,8.0,615.0,384.99999999999994,0
16555.0,1.0,931.0,0.0,0
16555.0,3.0,725.0,420.0,0
16555.0,2.0,868.0,420.0,0
16555.0,7.0,695.0,420.0,0
16555.0,6.0,717.0,420.0,0
16555.0,5.0,639.0,0.0,0
16555.0,4.0,876.0,0.0,0
16555.0,12.0,669.0,154.0,0
11827.0,1.0,613.0,343.0,0
11827.0,2.0,713.0,0.0,0
11827.0,3.0,644.0,343.0,0
11827.0,4.0,688.0,420.0,0
11827.0,5.0,726.0,420.0,0
11827.0,6.0,825.0,0.0,0
11827.0,7.0,799.0,0.0,0
11827.0,8.0,786.0,0.0,0
11827.0,9.0,669.0,420.0,0
11827.0,10.0,577.0,420.0,0
11827.0,11.0,726.0,0.0,0
11444.0,1.0,588.96,420.0,0
11444.0,2.0,632.96,420.0,0
11444.0,3.0,657.96,0.0,0
11444.0,4.0,598.96,0.0,0
11444.0,5.0,654.96,420.0,0
11444.0,6.0,657.96,0.0,0
11444.0,7.0,551.96,0.0,0
11444.0,8.0,567.96,0.0,0
11444.0,9.0,552.96,420.0,0
11444.0,10.0,563.0,0.0,0
11444.0,11.0,667.96,252.0,0
11444.0,12.0,525.96,252.0,0
9896.0,1.0,702.96,336.00000000000006,0
9896.0,2.0,727.96,0.0,0
9896.0,3.0,693.96,0.0,0
9896.0,4.0,804.96,420.0,0
9896.0,5.0,867.96,420.0,0
9896.0,6.0,642.96,420.0,0
9896.0,7.0,823.96,0.0,0
9896.0,8.0,634.96,0.0,0
9896.0,9.0,542.96,420.0,0
9896.0,10.0,751.96,168.00000000000003,0
1890.0,1.0,695.96,413.0,0
1890.0,2.0,684.96,413.0,0
1890.0,3.0,638.96,0.0,0
1890.0,4.0,765.96,0.0,0
1890.0,5.0,677.96,0.0,0
1890.0,6.0,666.96,0.0,0
1890.0,7.0,709.96,420.0,0
1890.0,8.0,606.96,420.0,0
1890.0,9.0,782.96,322.0,0
1890.0,10.0,587.96,0.0,0
1890.0,11.0,757.96,322.0,0
12593.0,1.0,762.0,392.0,0
12593.0,2.0,626.0,420.0,0
12593.0,3.0,721.0,420.0,0
12593.0,4.0,701.0,0.0,0
12593.0,5.0,841.0,0.0,0
12593.0,6.0,682.0,420.0,0
12593.0,7.0,799.0,420.0,0
12593.0,8.0,863.0,0.0,0
12593.0,9.0,823.0,224.0,0
12593.0,10.0,718.0,0.0,0
13590.0,1.0,724.0,0.0,0
13590.0,2.0,581.0,308.0,0
13590.0,3.0,615.0,308.0,0
13590.0,4.0,773.0,420.0,0
13590.0,5.0,796.0,420.0,0
13590.0,6.0,666.0,0.0,0
13590.0,7.0,724.0,231.00000000000003,0
13590.0,8.0,507.0,231.00000000000003,0
13590.0,9.0,892.0,0.0,0
8476.0,1.0,896.96,322.0,0
8476.0,2.0,912.96,420.0,0
8476.0,4.0,1072.96,0.0,0
8476.0,3.0,707.96,420.0,0
8476.0,8.0,844.96,0.0,0
8476.0,7.0,934.96,420.0,0
8476.0,6.0,787.96,420.0,0
8476.0,5.0,1008.96,0.0,0
8476.0,12.0,601.96,420.0,0
8476.0,11.0,750.96,420.0,0
8476.0,10.0,827.96,146.99999999999997,0
8476.0,9.0,957.96,146.99999999999997,0
1438.0,1.0,984.08,546.0,0
1438.0,2.0,921.44,420.0,0
1438.0,3.0,826.52,420.0,0
1438.0,4.0,887.96,0.0,0
1438.0,5.0,851.0,0.0,0
1438.0,6.0,712.56,420.0,0
1438.0,7.0,804.64,0.0,0
1438.0,8.0,717.92,420.0,0
1438.0,9.0,576.16,0.0,0
13035.0,1.0,853.0,322.0,0
13035.0,2.0,875.0,322.0,0
13035.0,3.0,735.0,420.0,0
13035.0,4.0,946.0,420.0,0
13035.0,5.0,801.0,0.0,0
13035.0,6.0,684.0,0.0,0
13035.0,7.0,539.0,259.0,0
13035.0,8.0,535.0,259.0,0
13035.0,9.0,632.0,0.0,0
14640.0,1.0,1102.0,420.0,0
14640.0,2.0,775.0,420.0,0
14640.0,3.0,831.0,0.0,0
14640.0,4.0,750.0,0.0,0
14640.0,5.0,909.0,420.0,0
14640.0,6.0,768.0,420.0,0
14640.0,7.0,729.0,406.0,0
14640.0,8.0,664.0,0.0,0
14640.0,9.0,623.0,0.0,0
14640.0,10.0,562.0,406.0,0
14640.0,11.0,763.0,84.0,0
6688.0,11.0,548.96,420.0,0
6688.0,10.0,570.96,420.0,0
6688.0,9.0,854.96,0.0,0
6688.0,8.0,802.96,0.0,0
6688.0,7.0,814.96,0.0,0
6688.0,6.0,954.96,420.0,0
6688.0,5.0,898.96,420.0,0
6688.0,4.0,697.96,0.0,0
6688.0,3.0,691.96,0.0,0
6688.0,2.0,755.96,398.99999999999994,0
6688.0,1.0,632.96,398.99999999999994,0
7076.0,1.0,687.0,420.0,0
7076.0,2.0,669.0,420.0,0
7076.0,3.0,725.0,0.0,0
7076.0,4.0,853.0,420.0,0
7076.0,5.0,783.0,420.0,0
7076.0,6.0,703.0,0.0,0
7076.0,7.0,665.0,0.0,0
7076.0,8.0,937.0,420.0,0
7076.0,9.0,882.0,0.0,0
7076.0,10.0,803.0,42.0,0
7076.0,11.0,693.0,420.0,0
11343.0,1.0,686.0,336.00000000000006,0
11343.0,2.0,600.0,0.0,0
11343.0,3.0,625.0,0.0,0
11343.0,4.0,610.0,420.0,0
11343.0,5.0,774.0,420.0,0
11343.0,6.0,1037.0,203.0,0
11343.0,7.0,897.0,203.0,0
2609.0,1.0,795.0,287.0,0
2609.0,2.0,544.0,287.0,0
2609.0,3.0,758.0,420.0,0
2609.0,4.0,720.0,420.0,0
2609.0,5.0,604.0,0.0,0
2609.0,6.0,777.0,0.0,0
2609.0,7.0,782.0,420.0,0
2609.0,8.0,782.0,0.0,0
2609.0,9.0,536.0,420.0,0
2609.0,10.0,543.0,0.0,0
2609.0,11.0,1103.0,154.0,0
13202.0,1.0,638.0,343.0,0
13202.0,2.0,853.0,0.0,0
13202.0,3.0,630.0,343.0,0
13202.0,4.0,662.0,420.0,0
13202.0,5.0,764.0,420.0,0
13202.0,6.0,700.0,0.0,0
13202.0,7.0,736.0,420.0,0
13202.0,8.0,632.0,420.0,0
13202.0,9.0,630.0,0.0,0
13202.0,10.0,651.0,0.0,0
13202.0,11.0,787.0,0.0,0
13202.0,12.0,669.0,196.0,0
13202.0,13.0,703.0,196.0,0
687.0,10.0,555.0,448.0,0
687.0,9.0,1008.0,0.0,0
687.0,11.0,759.0,420.0,0
687.0,8.0,848.0,0.0,0
687.0,7.0,915.0,420.0,0
687.0,6.0,607.0,0.0,0
687.0,5.0,633.0,0.0,0
687.0,4.0,679.0,420.0,0
687.0,3.0,606.0,420.0,0
687.0,2.0,599.0,146.99999999999997,0
687.0,1.0,747.0,146.99999999999997,0
3100.0,8.0,998.48,546.0,0
3100.0,7.0,1182.84,0.0,0
3100.0,6.0,877.4,0.0,0
3100.0,5.0,802.8,420.0,0
3100.0,10.0,400.4,420.0,0
3100.0,9.0,565.44,420.0,0
3100.0,1.0,742.24,0.0,0
3100.0,2.0,838.08,420.0,0
3100.0,4.0,846.64,0.0,0
3100.0,3.0,818.52,238.0,0
1755.0,1.0,835.84,301.0,0
1755.0,2.0,949.4,301.0,0
1755.0,3.0,869.0,420.0,0
1755.0,4.0,785.44,420.0,0
1755.0,5.0,860.28,0.0,0
1755.0,6.0,749.08,420.0,0
1755.0,7.0,734.76,420.0,0
1755.0,8.0,872.04,0.0,0
1755.0,9.0,804.72,0.0,0
9780.0,1.0,637.0,420.0,0
9780.0,2.0,661.0,420.0,0
9780.0,3.0,757.0,0.0,0
9780.0,4.0,723.0,420.0,0
9780.0,5.0,707.0,420.0,0
9780.0,6.0,668.0,0.0,0
9780.0,7.0,730.0,0.0,0
9780.0,8.0,762.0,0.0,0
9780.0,9.0,763.0,0.0,0
9780.0,10.0,818.0,371.0,0
9780.0,11.0,744.0,371.0,0
2035.0,7.0,725.0,420.0,0
2035.0,6.0,695.0,420.0,0
2035.0,5.0,755.0,0.0,0
2035.0,4.0,750.0,420.0,0
2035.0,9.0,785.0,420.0,0
2035.0,8.0,798.0,0.0,0
2035.0,1.0,824.0,0.0,0
2035.0,3.0,721.0,308.0,0
2035.0,2.0,730.0,0.0,0
2035.0,10.0,830.0,308.0,0
5796.0,1.0,827.0,420.0,0
5796.0,2.0,918.0,420.0,0
5796.0,3.0,838.0,0.0,0
5796.0,4.0,648.0,0.0,0
5796.0,5.0,885.0,0.0,0
5796.0,6.0,712.0,0.0,0
5796.0,7.0,661.0,420.0,0
5796.0,8.0,536.0,420.0,0
5796.0,9.0,510.0,245.00000000000003,0
5796.0,10.0,626.0,245.00000000000003,0
5796.0,11.0,685.0,224.0,0
12685.0,1.0,630.0,350.00000000000006,0
12685.0,2.0,844.0,0.0,0
12685.0,3.0,695.0,420.0,0
12685.0,4.0,503.0,420.0,0
12685.0,5.0,634.0,0.0,0
12685.0,6.0,568.0,0.0,0
12685.0,7.0,767.0,210.0,0
6331.0,12.0,620.96,315.0,0
6331.0,1.0,721.96,315.0,0
6331.0,3.0,779.96,0.0,0
6331.0,2.0,617.96,420.0,0
6331.0,11.0,917.96,0.0,0
6331.0,10.0,931.96,420.0,0
6331.0,9.0,905.96,420.0,0
6331.0,8.0,1337.96,420.0,0
6331.0,7.0,891.96,420.0,0
6331.0,6.0,1071.96,0.0,0
6331.0,5.0,898.96,420.0,0
6331.0,4.0,849.96,69.99999999999999,0
2625.0,11.0,661.0,384.99999999999994,0
2625.0,10.0,632.0,0.0,0
2625.0,9.0,623.0,384.99999999999994,0
2625.0,8.0,688.0,0.0,0
2625.0,7.0,865.0,0.0,0
2625.0,6.0,616.0,420.0,0
2625.0,5.0,913.0,420.0,0
2625.0,4.0,612.0,420.0,0
2625.0,3.0,659.0,420.0,0
2625.0,2.0,872.0,0.0,0
2625.0,1.0,929.0,0.0,0
13395.0,1.0,802.0,420.0,0
13395.0,2.0,866.0,0.0,0
13395.0,3.0,808.0,420.0,0
13395.0,4.0,624.0,420.0,0
13395.0,5.0,687.0,0.0,0
13395.0,6.0,538.0,0.0,0
13395.0,7.0,567.0,0.0,0
13395.0,8.0,576.0,420.0,0
13395.0,9.0,499.0,182.0,0
13395.0,10.0,774.0,182.0,0
9499.0,1.0,975.6,476.0,0
9499.0,2.0,934.36,0.0,0
9499.0,3.0,903.56,420.0,0
9499.0,4.0,886.4,420.0,0
9499.0,5.0,744.76,420.0,0
9499.0,6.0,788.28,0.0,0
9499.0,1.0,969.96,0.0,0
9499.0,2.0,721.16,420.0,0
9499.0,3.0,863.64,182.0,0
9499.0,4.0,517.84,182.0,0
1762.0,1.0,694.96,336.00000000000006,0
1762.0,2.0,704.96,336.00000000000006,0
1762.0,3.0,731.96,0.0,0
1762.0,4.0,744.96,420.0,0
1762.0,5.0,696.96,420.0,0
1762.0,6.0,641.96,0.0,0
1762.0,7.0,651.96,0.0,0
1762.0,8.0,780.96,371.0,0
1762.0,9.0,739.96,371.0,0
1762.0,10.0,1026.96,0.0,0
11216.0,1.0,746.0,420.0,0
11216.0,2.0,694.0,420.0,0
11216.0,3.0,696.0,0.0,0
11216.0,4.0,838.0,0.0,0
11216.0,5.0,739.0,420.0,0
11216.0,6.0,810.0,0.0,0
11216.0,7.0,727.0,0.0,0
11216.0,8.0,618.0,420.0,0
11216.0,9.0,781.0,98.0,0
11216.0,10.0,807.0,420.0,0
11216.0,11.0,597.0,420.0,0
11216.0,12.0,746.0,56.0,0
11181.0,2.0,688.0,392.0,0
11181.0,1.0,758.0,0.0,0
11181.0,6.0,667.0,392.0,0
11181.0,5.0,624.0,0.0,0
11181.0,4.0,790.0,420.0,0
11181.0,3.0,601.0,420.0,0
11181.0,10.0,772.0,0.0,0
11181.0,9.0,806.0,0.0,0
11181.0,8.0,631.0,0.0,0
11181.0,7.0,602.0,329.0,0
11181.0,11.0,553.0,329.0,0
6605.0,1.0,831.24,0.0,0
6605.0,2.0,900.76,420.0,0
6605.0,3.0,851.36,182.0,0
6605.0,4.0,829.88,420.0,0
6605.0,5.0,926.28,420.0,0
6605.0,6.0,1027.08,420.0,0
6605.0,7.0,1080.72,175.00000000000003,0
6605.0,8.0,833.16,175.00000000000003,0
1192.0,10.0,644.96,245.00000000000003,0
1192.0,9.0,794.96,245.00000000000003,0
1192.0,8.0,758.96,420.0,0
1192.0,3.0,812.96,0.0,0
1192.0,2.0,690.96,420.0,0
1192.0,7.0,646.96,420.0,0
1192.0,6.0,714.96,420.0,0
1192.0,5.0,737.96,0.0,0
1192.0,4.0,681.96,0.0,0
1192.0,1.0,602.96,0.0,0
12683.0,1.0,984.0,420.0,0
12683.0,2.0,896.0,0.0,0
12683.0,3.0,769.0,420.0,0
12683.0,4.0,652.0,420.0,0
12683.0,5.0,672.0,0.0,0
12683.0,6.0,561.0,0.0,0
12683.0,7.0,603.0,420.0,0
12683.0,8.0,585.0,139.99999999999997,0
12683.0,9.0,739.0,139.99999999999997,0
300.0,1.0,776.96,279.99999999999994,0
300.0,2.0,704.96,279.99999999999994,0
300.0,3.0,631.96,0.0,0
300.0,4.0,747.96,0.0,0
300.0,5.0,765.96,420.0,0
300.0,6.0,664.96,420.0,0
300.0,7.0,711.96,182.0,0
300.0,8.0,755.96,182.0,0
16585.0,1.0,852.0,398.99999999999994,0
16585.0,2.0,955.0,398.99999999999994,0
16585.0,3.0,842.0,0.0,0
16585.0,4.0,807.0,0.0,0
16585.0,5.0,803.0,420.0,0
16585.0,6.0,609.0,420.0,0
16585.0,7.0,683.0,203.0,0
16585.0,8.0,610.0,0.0,0
16585.0,9.0,543.0,203.0,0
11774.0,1.0,604.0,420.0,0
11774.0,2.0,632.0,0.0,0
11774.0,3.0,687.0,0.0,0
11774.0,4.0,554.0,420.0,0
11774.0,5.0,650.0,0.0,0
11774.0,6.0,884.0,420.0,0
11774.0,7.0,608.0,420.0,0
11774.0,8.0,650.0,0.0,0
11774.0,9.0,477.0,0.0,0
11774.0,10.0,564.0,238.0,0
11774.0,11.0,510.0,238.0,0
11774.0,12.0,602.0,98.0,0
9810.0,1.0,772.0,364.0,0
9810.0,2.0,780.0,420.0,0
9810.0,3.0,604.0,420.0,0
9810.0,4.0,774.0,0.0,0
9810.0,5.0,833.0,0.0,0
9810.0,6.0,648.0,420.0,0
9810.0,7.0,565.0,420.0,0
9810.0,8.0,751.0,0.0,0
9810.0,9.0,962.0,0.0,0
9810.0,10.0,557.0,329.0,0
9810.0,11.0,879.0,0.0,0
9810.0,12.0,769.0,329.0,0
15907.0,1.0,905.0,0.0,0
15907.0,9.0,486.0,0.0,0
15907.0,8.0,566.0,420.0,0
15907.0,7.0,795.0,420.0,0
15907.0,6.0,786.0,420.0,0
15907.0,5.0,733.0,0.0,0
15907.0,4.0,870.0,0.0,0
15907.0,3.0,849.0,420.0,0
15907.0,2.0,907.0,182.0,0
15907.0,11.0,626.0,322.0,0
15907.0,10.0,737.0,322.0,0
7405.0,1.0,813.96,0.0,0
7405.0,9.0,719.96,420.0,0
7405.0,8.0,654.96,0.0,0
7405.0,7.0,643.96,420.0,0
7405.0,6.0,757.96,420.0,0
7405.0,5.0,762.96,0.0,0
7405.0,4.0,656.96,420.0,0
7405.0,3.0,737.96,0.0,0
7405.0,2.0,688.96,420.0,0
7405.0,12.0,784.96,420.0,0
7405.0,11.0,859.96,0.0,0
7405.0,10.0,780.96,196.0,0
820.0,1.0,823.0,420.0,0
820.0,2.0,734.0,420.0,0
820.0,3.0,802.0,0.0,0
820.0,4.0,605.0,0.0,0
820.0,5.0,880.0,420.0,0
820.0,6.0,736.0,0.0,0
820.0,7.0,631.0,420.0,0
820.0,8.0,753.0,0.0,0
820.0,9.0,687.0,420.0,0
820.0,10.0,938.0,420.0,0
820.0,11.0,895.0,42.00000000000001,0
11893.0,1.0,957.0,322.0,0
11893.0,2.0,664.0,322.0,0
11893.0,3.0,679.0,0.0,0
11893.0,4.0,647.0,0.0,0
11893.0,5.0,849.0,420.0,0
11893.0,6.0,692.0,420.0,0
11893.0,7.0,480.0,189.0,0
11893.0,8.0,783.0,0.0,0
11893.0,9.0,380.0,189.0,0
823.0,1.0,614.0,210.0,0
823.0,2.0,772.0,0.0,0
823.0,3.0,729.0,0.0,0
823.0,4.0,731.0,420.0,0
823.0,5.0,544.0,420.0,0
823.0,6.0,555.0,420.0,0
823.0,7.0,776.0,420.0,0
823.0,8.0,578.0,0.0,0
823.0,9.0,680.0,0.0,0
823.0,10.0,730.0,139.99999999999997,0
12253.0,1.0,727.0,350.00000000000006,0
12253.0,2.0,712.0,0.0,0
12253.0,3.0,547.0,350.00000000000006,0
12253.0,4.0,695.0,420.0,0
12253.0,5.0,754.0,420.0,0
12253.0,6.0,583.0,0.0,0
12253.0,7.0,689.0,0.0,0
12253.0,8.0,588.0,245.00000000000003,0
12253.0,9.0,658.0,245.00000000000003,0
12253.0,10.0,702.0,0.0,0
5993.0,1.0,1015.72,350.00000000000006,0
5993.0,2.0,1067.76,420.0,0
5993.0,3.0,1183.52,420.0,0
5993.0,4.0,1297.48,420.0,0
5993.0,5.0,969.68,0.0,0
5993.0,1.0,1054.08,420.0,0
5993.0,2.0,1102.6,420.0,0
5993.0,3.0,966.24,420.0,0
5993.0,1.0,840.48,357.0,0
5993.0,2.0,877.16,0.0,0
5993.0,3.0,1002.0,0.0,0
5993.0,4.0,375.84,357.0,0
15913.0,2.0,1131.0,420.0,0
15913.0,1.0,1016.0,0.0,0
15913.0,6.0,432.0,420.0,0
15913.0,5.0,729.0,420.0,0
15913.0,4.0,1327.0,0.0,0
15913.0,3.0,828.0,420.0,0
15913.0,11.0,811.0,0.0,0
15913.0,10.0,467.0,420.0,0
15913.0,9.0,773.0,0.0,0
15913.0,8.0,773.0,126.0,0
15913.0,7.0,399.0,420.0,0
6963.0,1.0,1005.96,0.0,0
6963.0,2.0,656.96,420.0,0
6963.0,3.0,671.96,420.0,0
6963.0,4.0,685.96,420.0,0
6963.0,5.0,792.96,420.0,0
6963.0,6.0,702.96,0.0,0
6963.0,7.0,926.96,0.0,0
6963.0,8.0,678.96,420.0,0
6963.0,9.0,630.96,420.0,0
6963.0,10.0,732.96,0.0,0
6963.0,11.0,784.96,0.0,0
3999.0,1.0,916.28,420.0,0
3999.0,2.0,908.76,420.0,0
3999.0,3.0,886.24,0.0,0
3999.0,4.0,907.88,0.0,0
3999.0,5.0,911.72,420.0,0
3999.0,6.0,988.84,420.0,0
3999.0,7.0,892.64,420.0,0
3999.0,8.0,763.12,420.0,0
3999.0,9.0,956.12,0.0,0
3999.0,10.0,823.28,196.0,0
9335.0,1.0,847.2,343.0,0
9335.0,2.0,765.24,343.0,0
9335.0,3.0,989.48,0.0,0
9335.0,4.0,920.28,420.0,0
9335.0,5.0,786.52,420.0,0
9335.0,6.0,923.92,420.0,0
9335.0,1.0,967.08,0.0,0
9335.0,2.0,803.68,420.0,0
9335.0,3.0,940.4,224.0,0
9335.0,4.0,785.52,224.0,0
9335.0,5.0,513.64,0.0,0
13213.0,1.0,824.0,420.0,0
13213.0,2.0,1044.0,420.0,0
13213.0,3.0,794.0,0.0,0
13213.0,4.0,793.0,0.0,0
13213.0,5.0,715.0,420.0,0
13213.0,6.0,684.0,0.0,0
13213.0,7.0,800.0,0.0,0
13213.0,8.0,543.0,420.0,0
13213.0,9.0,459.0,266.0,0
13213.0,10.0,819.0,238.0,0
13213.0,11.0,565.0,266.0,0
452.0,1.0,957.0,308.0,0
452.0,2.0,888.0,420.0,0
452.0,3.0,1031.0,0.0,0
452.0,4.0,763.0,420.0,0
452.0,5.0,693.0,420.0,0
452.0,6.0,955.0,420.0,0
452.0,7.0,774.0,0.0,0
452.0,8.0,747.0,0.0,0
452.0,9.0,411.0,224.0,0
452.0,10.0,811.0,224.0,0
8558.0,5.0,885.96,392.0,0
8558.0,4.0,986.64,420.0,0
8558.0,3.0,928.0,420.0,0
8558.0,2.0,887.36,0.0,0
8558.0,7.0,906.84,420.0,0
8558.0,6.0,790.08,420.0,0
8558.0,8.0,900.04,0.0,0
8558.0,1.0,938.92,126.0,0
12950.0,9.0,674.0,357.0,0
12950.0,8.0,778.0,0.0,0
12950.0,7.0,745.0,357.0,0
12950.0,6.0,630.0,420.0,0
12950.0,1.0,1015.0,0.0,0
12950.0,5.0,844.0,420.0,0
12950.0,4.0,880.0,420.0,0
12950.0,3.0,722.0,0.0,0
12950.0,2.0,966.0,420.0,0
12950.0,11.0,600.0,238.0,0
12950.0,10.0,795.0,0.0,0
12230.0,1.0,777.16,301.0,0
12230.0,2.0,734.0,301.0,0
12230.0,3.0,771.64,420.0,0
12230.0,4.0,853.92,420.0,0
12230.0,5.0,787.04,0.0,0
12230.0,6.0,1040.8,420.0,0
12230.0,7.0,810.28,0.0,0
12230.0,8.0,754.4,420.0,0
12230.0,9.0,959.44,0.0,0
12139.0,1.0,916.0,420.0,0
12139.0,2.0,1129.0,420.0,0
12139.0,3.0,787.0,420.0,0
12139.0,4.0,767.0,0.0,0
12139.0,5.0,986.0,0.0,0
12139.0,6.0,666.0,420.0,0
12139.0,7.0,782.0,0.0,0
12139.0,8.0,788.0,0.0,0
12139.0,9.0,717.0,420.0,0
12139.0,10.0,576.0,420.0,0
12139.0,11.0,687.0,154.0,0
3460.0,12.0,755.32,329.0,0
3460.0,3.0,748.88,329.0,0
3460.0,2.0,641.96,0.0,0
3460.0,1.0,636.44,420.0,0
3460.0,11.0,700.24,420.0,0
3460.0,10.0,931.28,0.0,0
3460.0,9.0,646.48,0.0,0
3460.0,8.0,676.28,420.0,0
3460.0,7.0,605.8,0.0,0
3460.0,6.0,674.68,420.0,0
3460.0,5.0,615.0,0.0,0
3460.0,4.0,542.76,139.99999999999997,0
357.0,1.0,605.96,350.00000000000006,0
357.0,2.0,721.96,350.00000000000006,0
357.0,3.0,819.96,0.0,0
357.0,4.0,658.96,420.0,0
357.0,5.0,658.96,420.0,0
357.0,6.0,667.96,0.0,0
357.0,7.0,649.96,0.0,0
357.0,8.0,539.96,146.99999999999997,0
357.0,9.0,692.96,146.99999999999997,0
12665.0,1.0,1075.0,546.0,0
12665.0,2.0,850.0,420.0,0
12665.0,3.0,764.0,420.0,0
12665.0,4.0,775.0,0.0,0
12665.0,5.0,899.0,0.0,0
12665.0,6.0,900.0,0.0,0
12665.0,7.0,626.0,420.0,0
12665.0,8.0,516.0,420.0,0
12665.0,9.0,481.0,0.0,0
12665.0,10.0,717.0,98.0,0
9140.0,5.0,671.8,371.0,0
9140.0,4.0,680.6,371.0,0
9140.0,3.0,754.36,0.0,0
9140.0,2.0,639.48,0.0,0
9140.0,1.0,612.08,420.0,0
9140.0,5.0,796.36,420.0,0
9140.0,4.0,926.72,0.0,0
9140.0,3.0,1049.88,420.0,0
9140.0,2.0,1012.04,420.0,0
9140.0,1.0,968.84,0.0,0
9140.0,7.0,379.04,175.00000000000003,0
9140.0,6.0,653.32,175.00000000000003,0
9557.0,1.0,1251.96,490.00000000000006,0
9557.0,2.0,1325.84,420.0,0
9557.0,3.0,1256.68,420.0,0
9557.0,4.0,1400.6,420.0,0
9557.0,1.0,1232.64,420.0,0
9557.0,2.0,1320.76,420.0,0
9557.0,3.0,1073.2,420.0,0
9557.0,4.0,983.8,0.0,0
12513.0,1.0,970.0,420.0,0
12513.0,2.0,861.0,420.0,0
12513.0,3.0,863.0,0.0,0
12513.0,4.0,885.0,0.0,0
12513.0,5.0,668.0,420.0,0
12513.0,6.0,700.0,420.0,0
12513.0,7.0,808.0,0.0,0
12513.0,8.0,509.0,0.0,0
12513.0,9.0,510.0,287.0,0
12513.0,10.0,682.0,287.0,0
12679.0,1.0,880.0,0.0,0
12679.0,2.0,728.0,0.0,0
12679.0,3.0,702.0,420.0,0
12679.0,4.0,750.0,0.0,0
12679.0,5.0,511.0,420.0,0
12679.0,6.0,565.0,343.0,0
12679.0,7.0,457.0,343.0,0
12679.0,8.0,664.0,0.0,0
12679.0,9.0,616.0,266.0,0
175.0,1.0,649.0,357.0,0
175.0,2.0,731.0,357.0,0
175.0,3.0,771.0,0.0,0
175.0,4.0,645.0,0.0,0
175.0,5.0,675.0,420.0,0
175.0,6.0,555.0,420.0,0
175.0,7.0,627.0,0.0,0
175.0,8.0,602.0,42.00000000000001,0
14630.0,1.0,926.0,398.99999999999994,0
14630.0,2.0,793.0,398.99999999999994,0
14630.0,3.0,921.0,0.0,0
14630.0,4.0,642.0,420.0,0
14630.0,5.0,608.0,420.0,0
14630.0,6.0,619.0,0.0,0
14630.0,7.0,762.0,0.0,0
14630.0,8.0,739.0,168.00000000000003,0
14630.0,9.0,493.0,168.00000000000003,0
4289.0,1.0,895.12,504.0,0
4289.0,2.0,813.04,420.0,0
4289.0,1.0,925.84,420.0,0
4289.0,6.0,804.32,0.0,0
4289.0,5.0,1018.2,420.0,0
4289.0,4.0,916.48,0.0,0
4289.0,3.0,898.0,0.0,0
4289.0,2.0,850.64,420.0,0
4289.0,3.0,474.08,139.99999999999997,0
8885.0,12.0,794.96,350.00000000000006,0
8885.0,11.0,766.96,0.0,0
8885.0,10.0,640.96,350.00000000000006,0
8885.0,9.0,801.96,0.0,0
8885.0,8.0,756.96,420.0,0
8885.0,7.0,712.96,420.0,0
8885.0,2.0,740.96,420.0,0
8885.0,6.0,774.96,0.0,0
8885.0,5.0,623.96,420.0,0
8885.0,4.0,746.96,0.0,0
8885.0,3.0,798.96,154.0,0
8885.0,1.0,664.96,154.0,0
11037.0,1.0,708.96,266.0,0
11037.0,2.0,641.96,266.0,0
11037.0,3.0,689.96,420.0,0
11037.0,4.0,670.96,420.0,0
11037.0,5.0,694.96,0.0,0
11037.0,6.0,735.96,0.0,0
11037.0,7.0,809.96,420.0,0
11037.0,8.0,860.96,0.0,0
11037.0,9.0,777.96,420.0,0
11037.0,10.0,666.96,0.0,0
9770.0,1.0,772.0,420.0,0
9770.0,2.0,643.0,0.0,0
9770.0,3.0,704.0,420.0,0
9770.0,4.0,743.0,420.0,0
9770.0,5.0,657.0,0.0,0
9770.0,6.0,604.0,0.0,0
9770.0,7.0,810.0,420.0,0
9770.0,8.0,613.0,0.0,0
9770.0,9.0,574.0,279.99999999999994,0
9770.0,10.0,672.0,0.0,0
9770.0,11.0,601.0,279.99999999999994,0
13097.0,1.0,624.0,279.99999999999994,0
13097.0,2.0,635.0,0.0,0
13097.0,3.0,620.0,420.0,0
13097.0,4.0,700.0,0.0,0
13097.0,5.0,727.0,420.0,0
13097.0,6.0,710.0,266.0,0
13097.0,7.0,685.0,0.0,0
13097.0,8.0,705.0,266.0,0
3780.0,12.0,454.0,350.00000000000006,0
3780.0,11.0,744.0,420.0,0
3780.0,10.0,519.0,420.0,0
3780.0,9.0,585.0,0.0,0
3780.0,8.0,672.0,0.0,0
3780.0,1.0,918.0,420.0,0
3780.0,3.0,831.0,0.0,0
3780.0,2.0,928.0,0.0,0
3780.0,7.0,689.0,420.0,0
3780.0,6.0,590.0,259.0,0
3780.0,5.0,532.0,259.0,0
3780.0,4.0,906.0,0.0,0
12515.0,1.0,871.0,322.0,0
12515.0,2.0,712.0,420.0,0
12515.0,3.0,629.0,420.0,0
12515.0,4.0,745.0,0.0,0
12515.0,5.0,936.0,0.0,0
12515.0,6.0,446.0,420.0,0
12515.0,7.0,573.0,0.0,0
12515.0,8.0,717.0,0.0,0
12515.0,9.0,489.0,420.0,0
12515.0,10.0,692.0,84.00000000000001,0
13355.0,3.0,569.0,378.0,0
13355.0,2.0,710.0,0.0,0
13355.0,1.0,883.0,378.0,0
13355.0,7.0,597.0,0.0,0
13355.0,6.0,696.0,0.0,0
13355.0,5.0,675.0,420.0,0
13355.0,4.0,619.0,0.0,0
13355.0,10.0,477.0,420.0,0
13355.0,9.0,545.0,168.00000000000003,0
13355.0,8.0,572.0,168.00000000000003,0
11947.0,11.0,647.96,252.0,0
11947.0,10.0,653.96,252.0,0
11947.0,9.0,569.96,0.0,0
11947.0,2.0,661.96,420.0,0
11947.0,4.0,715.96,0.0,0
11947.0,3.0,656.96,420.0,0
11947.0,1.0,808.96,0.0,0
11947.0,8.0,703.96,0.0,0
11947.0,7.0,633.96,420.0,0
11947.0,6.0,684.96,420.0,0
11947.0,5.0,633.96,56.0,0
6337.0,1.0,734.96,392.0,0
6337.0,2.0,710.96,0.0,0
6337.0,3.0,672.96,392.0,0
6337.0,4.0,671.96,420.0,0
6337.0,5.0,758.96,420.0,0
6337.0,6.0,683.96,0.0,0
6337.0,7.0,701.96,0.0,0
6337.0,8.0,641.96,420.0,0
6337.0,9.0,625.96,420.0,0
6337.0,10.0,580.96,0.0,0
6337.0,11.0,719.96,0.0,0
6337.0,12.0,557.96,0.0,0
11378.0,1.0,611.0,420.0,0
11378.0,2.0,653.0,420.0,0
11378.0,3.0,588.0,0.0,0
11378.0,4.0,590.0,0.0,0
11378.0,5.0,684.0,420.0,0
11378.0,6.0,624.0,0.0,0
11378.0,7.0,841.0,0.0,0
11378.0,8.0,626.0,420.0,0
11378.0,9.0,726.0,126.0,0
12364.0,1.0,937.28,357.0,0
12364.0,2.0,924.68,357.0,0
12364.0,3.0,940.56,0.0,0
12364.0,4.0,951.28,420.0,0
12364.0,5.0,951.6,420.0,0
12364.0,1.0,954.88,0.0,0
12364.0,2.0,893.88,336.00000000000006,0
12364.0,3.0,766.68,336.00000000000006,0
6927.0,1.0,740.6,329.0,0
6927.0,2.0,700.36,329.0,0
6927.0,3.0,625.76,0.0,0
6927.0,4.0,729.92,420.0,0
6927.0,5.0,701.56,0.0,0
6927.0,6.0,729.56,420.0,0
6927.0,7.0,718.32,420.0,0
6927.0,8.0,628.28,0.0,0
6927.0,9.0,597.52,420.0,0
6927.0,10.0,649.52,0.0,0
6927.0,11.0,656.0,0.0,0
6927.0,12.0,676.0,175.00000000000003,0
6927.0,13.0,658.08,175.00000000000003,0
3642.0,1.0,729.96,245.00000000000003,0
3642.0,2.0,647.96,245.00000000000003,0
3642.0,3.0,764.96,420.0,0
3642.0,4.0,729.96,0.0,0
3642.0,5.0,679.96,420.0,0
3642.0,6.0,783.96,0.0,0
3642.0,7.0,619.96,420.0,0
3642.0,8.0,691.96,0.0,0
3642.0,9.0,747.96,420.0,0
3642.0,10.0,983.96,175.00000000000003,0
3642.0,11.0,917.96,175.00000000000003,0
12670.0,1.0,1690.0,0.0,0
12670.0,9.0,658.0,420.0,0
12670.0,8.0,580.0,0.0,0
12670.0,7.0,573.0,0.0,0
12670.0,6.0,680.0,0.0,0
12670.0,5.0,474.0,420.0,0
12670.0,4.0,693.0,420.0,0
12670.0,3.0,778.0,420.0,0
12670.0,2.0,1107.0,490.0,0
8447.0,2.0,658.48,406.0,0
8447.0,6.0,627.76,0.0,0
8447.0,5.0,733.36,406.0,0
8447.0,4.0,798.96,0.0,0
8447.0,3.0,676.56,420.0,0
8447.0,14.0,764.32,0.0,0
8447.0,13.0,617.6,420.0,0
8447.0,12.0,779.88,0.0,0
8447.0,11.0,843.0,0.0,0
8447.0,10.0,674.28,420.0,0
8447.0,9.0,730.76,420.0,0
8447.0,8.0,653.04,266.0,0
8447.0,7.0,697.72,266.0,0
8447.0,1.0,658.2,0.0,0
2077.0,1.0,673.44,308.0,0
2077.0,2.0,659.64,0.0,0
2077.0,3.0,656.0,420.0,0
2077.0,4.0,550.8,0.0,0
2077.0,5.0,714.08,420.0,0
2077.0,6.0,785.08,0.0,0
2077.0,7.0,581.8,420.0,0
2077.0,8.0,742.16,420.0,0
2077.0,9.0,714.0,0.0,0
2077.0,10.0,648.12,0.0,0
2077.0,11.0,640.76,420.0,0
2077.0,12.0,646.84,0.0,0
2077.0,13.0,635.6,420.0,0
2077.0,14.0,622.12,0.0,0
3530.0,1.0,677.0,420.0,0
3530.0,2.0,626.0,420.0,0
3530.0,3.0,722.0,0.0,0
3530.0,4.0,655.0,0.0,0
3530.0,5.0,681.0,420.0,0
3530.0,6.0,626.0,0.0,0
3530.0,7.0,794.0,420.0,0
3530.0,8.0,923.0,0.0,0
3530.0,9.0,670.0,0.0,0
3530.0,10.0,638.0,315.0,0
3530.0,11.0,630.0,315.0,0
12707.0,1.0,641.0,210.0,0
12707.0,2.0,718.96,0.0,0
12707.0,3.0,739.96,420.0,0
12707.0,4.0,676.96,420.0,0
12707.0,5.0,712.96,0.0,0
12707.0,6.0,623.96,420.0,0
12707.0,7.0,811.96,0.0,0
12707.0,8.0,608.96,420.0,0
12707.0,9.0,641.96,0.0,0
12707.0,10.0,608.96,266.0,0
12707.0,11.0,590.96,0.0,0
12707.0,12.0,565.96,266.0,0
